{
  "setup": {
      "robots": 4,
      "tasks": 8,
      "num_skills": 2,
      "save_plot_solution": true,
      "mean_percent": 10,
      "epsilon": 0.95
  },
  "tasks": {
      "0": {
          "pos": {
              "x": 0.6656603595456005,
              "y": -0.1027253871587206
          },
          "skillset": {
              "0": 1.0,
              "1": 1.0
          },
          "duration": 0.7332518760436325
      },
      "1": {
          "pos": {
              "x": -0.7964177123086471,
              "y": 0.12535582568229042
          },
          "skillset": {
              "0": 0.0,
              "1": 1.0
          },
          "duration": 0.5290601911143951
      },
      "2": {
          "pos": {
              "x": -0.9480364797518483,
              "y": -0.36521032363787165
          },
          "skillset": {
              "0": 0.0,
              "1": 1.0
          },
          "duration": 0.597632823286027
      },
      "3": {
          "pos": {
              "x": 0.07400402113670235,
              "y": -0.12631020219096212
          },
          "skillset": {
              "0": 0.0,
              "1": 1.0
          },
          "duration": 0.5565512662508589
      },
      "4": {
          "pos": {
              "x": 0.21008107140793864,
              "y": -0.6592808297461794
          },
          "skillset": {
              "0": 1.0,
              "1": 0.0
          },
          "duration": 0.4244422479163483
      },
      "5": {
          "pos": {
              "x": -0.9222920394147462,
              "y": 0.47483587503213376
          },
          "skillset": {
              "0": 0.0,
              "1": 1.0
          },
          "duration": 0.911826584139661
      },
      "6": {
          "pos": {
              "x": -0.8522671455119877,
              "y": -0.6295351914435952
          },
          "skillset": {
              "0": 1.0,
              "1": 0.0
          },
          "duration": 0.7956636142696069
      },
      "7": {
          "pos": {
              "x": 0.3392592078671446,
              "y": 0.8144147627827159
          },
          "skillset": {
              "0": 1.0,
              "1": 0.0
          },
          "duration": 0.10218935885235525
      }
  },
  "robots": {
      "0": {
          "pos": {
              "x": 0.0,
              "y": 0.1
          },
          "desired_end_position": {
              "x": 0.0,
              "y": 0.0
          },
          "skillset": {
              "0": 1.0,
              "1": 0.0
          }
      },
      "1": {
          "pos": {
              "x": 0.1,
              "y": 6.123233995736766e-18
          },
          "desired_end_position": {
              "x": 0.0,
              "y": 0.0
          },
          "skillset": {
              "0": 0.0,
              "1": 1.0
          }
      },
      "2": {
          "pos": {
              "x": 1.2246467991473533e-17,
              "y": -0.1
          },
          "desired_end_position": {
              "x": 0.0,
              "y": 0.0
          },
          "skillset": {
              "0": 1.0,
              "1": 0.0
          }
      },
      "3": {
          "pos": {
              "x": -0.1,
              "y": -1.8369701987210297e-17
          },
          "desired_end_position": {
              "x": 0.0,
              "y": 0.0
          },
          "skillset": {
              "0": 0.0,
              "1": 1.0
          }
      }
  },
  "skill_degradation_rates": {
    "0": 0.0,
    "BATTERY": 0.0
  }
}